id,country,capital,region,iso2,flag_emoji,currency_code
afghanistan-kabul,Afghanistan,Kabul,Asia,AF,ğŸ‡¦ğŸ‡«,AFN
algeria-algiers,Algeria,Algiers,Africa,DZ,ğŸ‡©ğŸ‡¿,DZD
american-samoa-pago-pago,American Samoa,Pago Pago,Oceania,AS,ğŸ‡¦ğŸ‡¸,USD
angola-luanda,Angola,Luanda,Africa,AO,ğŸ‡¦ğŸ‡´,AOA
anguilla-the-valley,Anguilla,The Valley,Americas,AI,ğŸ‡¦ğŸ‡®,XCD
antigua-and-barbuda-saint-john-s,Antigua and Barbuda,Saint John's,Americas,AG,ğŸ‡¦ğŸ‡¬,XCD
argentina-buenos-aires,Argentina,Buenos Aires,Americas,AR,ğŸ‡¦ğŸ‡·,ARS
armenia-yerevan,Armenia,Yerevan,Asia,AM,ğŸ‡¦ğŸ‡²,AMD
aruba-oranjestad,Aruba,Oranjestad,Americas,AW,ğŸ‡¦ğŸ‡¼,AWG
australia-canberra,Australia,Canberra,Oceania,AU,ğŸ‡¦ğŸ‡º,AUD
austria-vienna,Austria,Vienna,Europe,AT,ğŸ‡¦ğŸ‡¹,EUR
azerbaijan-baku,Azerbaijan,Baku,Asia,AZ,ğŸ‡¦ğŸ‡¿,AZN
bahrain-manama,Bahrain,Manama,Asia,BH,ğŸ‡§ğŸ‡­,BHD
bangladesh-dhaka,Bangladesh,Dhaka,Asia,BD,ğŸ‡§ğŸ‡©,BDT
barbados-bridgetown,Barbados,Bridgetown,Americas,BB,ğŸ‡§ğŸ‡§,BBD
belarus-minsk,Belarus,Minsk,Europe,BY,ğŸ‡§ğŸ‡¾,BYR
belgium-brussels,Belgium,Brussels,Europe,BE,ğŸ‡§ğŸ‡ª,EUR
belize-belmopan,Belize,Belmopan,Americas,BZ,ğŸ‡§ğŸ‡¿,BZD
benin-porto-novo,Benin,Porto-Novo,Africa,BJ,ğŸ‡§ğŸ‡¯,XOF
bermuda-hamilton,Bermuda,Hamilton,Americas,BM,ğŸ‡§ğŸ‡²,BMD
bhutan-thimphu,Bhutan,Thimphu,Asia,BT,ğŸ‡§ğŸ‡¹,BTN
bosnia-and-herzegovina-sarajevo,Bosnia and Herzegovina,Sarajevo,Europe,BA,ğŸ‡§ğŸ‡¦,BAM
botswana-gaborone,Botswana,Gaborone,Africa,BW,ğŸ‡§ğŸ‡¼,BWP
brazil-bras-lia,Brazil,BrasÃ­lia,Americas,BR,ğŸ‡§ğŸ‡·,BRL
british-indian-ocean-territory-diego-garcia,British Indian Ocean Territory,Diego Garcia,Africa,IO,ğŸ‡®ğŸ‡´,USD
bulgaria-sofia,Bulgaria,Sofia,Europe,BG,ğŸ‡§ğŸ‡¬,BGN
burkina-faso-ouagadougou,Burkina Faso,Ouagadougou,Africa,BF,ğŸ‡§ğŸ‡«,XOF
burundi-bujumbura,Burundi,Bujumbura,Africa,BI,ğŸ‡§ğŸ‡®,BIF
cambodia-phnom-penh,Cambodia,Phnom Penh,Asia,KH,ğŸ‡°ğŸ‡­,KHR
cameroon-yaound,Cameroon,YaoundÃ©,Africa,CM,ğŸ‡¨ğŸ‡²,XAF
canada-ottawa,Canada,Ottawa,Americas,CA,ğŸ‡¨ğŸ‡¦,CAD
cayman-islands-george-town,Cayman Islands,George Town,Americas,KY,ğŸ‡°ğŸ‡¾,KYD
central-african-republic-bangui,Central African Republic,Bangui,Africa,CF,ğŸ‡¨ğŸ‡«,XAF
chad-n-djamena,Chad,N'Djamena,Africa,TD,ğŸ‡¹ğŸ‡©,XAF
chile-santiago,Chile,Santiago,Americas,CL,ğŸ‡¨ğŸ‡±,CLF
china-beijing,China,Beijing,Asia,CN,ğŸ‡¨ğŸ‡³,CNY
christmas-island-flying-fish-cove,Christmas Island,Flying Fish Cove,Oceania,CX,ğŸ‡¨ğŸ‡½,AUD
cocos-keeling-islands-west-island,Cocos (Keeling) Islands,West Island,Oceania,CC,ğŸ‡¨ğŸ‡¨,AUD
colombia-bogot,Colombia,BogotÃ¡,Americas,CO,ğŸ‡¨ğŸ‡´,COP
comoros-moroni,Comoros,Moroni,Africa,KM,ğŸ‡°ğŸ‡²,KMF
cook-islands-avarua,Cook Islands,Avarua,Oceania,CK,ğŸ‡¨ğŸ‡°,NZD
costa-rica-san-jos,Costa Rica,San JosÃ©,Americas,CR,ğŸ‡¨ğŸ‡·,CRC
croatia-zagreb,Croatia,Zagreb,Europe,HR,ğŸ‡­ğŸ‡·,HRK
cuba-havana,Cuba,Havana,Americas,CU,ğŸ‡¨ğŸ‡º,CUC
cyprus-nicosia,Cyprus,Nicosia,Europe,CY,ğŸ‡¨ğŸ‡¾,EUR
denmark-copenhagen,Denmark,Copenhagen,Europe,DK,ğŸ‡©ğŸ‡°,DKK
djibouti-djibouti,Djibouti,Djibouti,Africa,DJ,ğŸ‡©ğŸ‡¯,DJF
dominica-roseau,Dominica,Roseau,Americas,DM,ğŸ‡©ğŸ‡²,XCD
dominican-republic-santo-domingo,Dominican Republic,Santo Domingo,Americas,DO,ğŸ‡©ğŸ‡´,DOP
ecuador-quito,Ecuador,Quito,Americas,EC,ğŸ‡ªğŸ‡¨,USD
egypt-cairo,Egypt,Cairo,Africa,EG,ğŸ‡ªğŸ‡¬,EGP
el-salvador-san-salvador,El Salvador,San Salvador,Americas,SV,ğŸ‡¸ğŸ‡»,SVC
equatorial-guinea-malabo,Equatorial Guinea,Malabo,Africa,GQ,ğŸ‡¬ğŸ‡¶,XAF
eritrea-asmara,Eritrea,Asmara,Africa,ER,ğŸ‡ªğŸ‡·,ERN
estonia-tallinn,Estonia,Tallinn,Europe,EE,ğŸ‡ªğŸ‡ª,EUR
ethiopia-addis-ababa,Ethiopia,Addis Ababa,Africa,ET,ğŸ‡ªğŸ‡¹,ETB
faroe-islands-t-rshavn,Faroe Islands,TÃ³rshavn,Europe,FO,ğŸ‡«ğŸ‡´,DKK
fiji-suva,Fiji,Suva,Oceania,FJ,ğŸ‡«ğŸ‡¯,FJD
finland-helsinki,Finland,Helsinki,Europe,FI,ğŸ‡«ğŸ‡®,EUR
france-paris,France,Paris,Europe,FR,ğŸ‡«ğŸ‡·,EUR
french-guiana-cayenne,French Guiana,Cayenne,Americas,GF,ğŸ‡¬ğŸ‡«,EUR
french-polynesia-papeet,French Polynesia,PapeetÄ“,Oceania,PF,ğŸ‡µğŸ‡«,XPF
gabon-libreville,Gabon,Libreville,Africa,GA,ğŸ‡¬ğŸ‡¦,XAF
georgia-tbilisi,Georgia,Tbilisi,Asia,GE,ğŸ‡¬ğŸ‡ª,GEL
germany-berlin,Germany,Berlin,Europe,DE,ğŸ‡©ğŸ‡ª,EUR
ghana-accra,Ghana,Accra,Africa,GH,ğŸ‡¬ğŸ‡­,GHS
gibraltar-gibraltar,Gibraltar,Gibraltar,Europe,GI,ğŸ‡¬ğŸ‡®,GIP
greece-athens,Greece,Athens,Europe,GR,ğŸ‡¬ğŸ‡·,EUR
greenland-nuuk,Greenland,Nuuk,Americas,GL,ğŸ‡¬ğŸ‡±,DKK
grenada-st-george-s,Grenada,St. George's,Americas,GD,ğŸ‡¬ğŸ‡©,XCD
guadeloupe-basse-terre,Guadeloupe,Basse-Terre,Americas,GP,ğŸ‡¬ğŸ‡µ,EUR
guam-hag-t-a,Guam,HagÃ¥tÃ±a,Oceania,GU,ğŸ‡¬ğŸ‡º,USD
guatemala-guatemala-city,Guatemala,Guatemala City,Americas,GT,ğŸ‡¬ğŸ‡¹,GTQ
guernsey-st-peter-port,Guernsey,St. Peter Port,Europe,GG,ğŸ‡¬ğŸ‡¬,GBP
guinea-conakry,Guinea,Conakry,Africa,GN,ğŸ‡¬ğŸ‡³,GNF
guinea-bissau-bissau,Guinea-Bissau,Bissau,Africa,GW,ğŸ‡¬ğŸ‡¼,XOF
guyana-georgetown,Guyana,Georgetown,Americas,GY,ğŸ‡¬ğŸ‡¾,GYD
haiti-port-au-prince,Haiti,Port-au-Prince,Americas,HT,ğŸ‡­ğŸ‡¹,HTG
honduras-tegucigalpa,Honduras,Tegucigalpa,Americas,HN,ğŸ‡­ğŸ‡³,HNL
hong-kong-city-of-victoria,Hong Kong,City of Victoria,Asia,HK,ğŸ‡­ğŸ‡°,HKD
hungary-budapest,Hungary,Budapest,Europe,HU,ğŸ‡­ğŸ‡º,HUF
iceland-reykjavik,Iceland,Reykjavik,Europe,IS,ğŸ‡®ğŸ‡¸,ISK
india-new-delhi,India,New Delhi,Asia,IN,ğŸ‡®ğŸ‡³,INR
indonesia-jakarta,Indonesia,Jakarta,Asia,ID,ğŸ‡®ğŸ‡©,IDR
iraq-baghdad,Iraq,Baghdad,Asia,IQ,ğŸ‡®ğŸ‡¶,IQD
ireland-dublin,Ireland,Dublin,Europe,IE,ğŸ‡®ğŸ‡ª,EUR
isle-of-man-douglas,Isle of Man,Douglas,Europe,IM,ğŸ‡®ğŸ‡²,GBP
italy-rome,Italy,Rome,Europe,IT,ğŸ‡®ğŸ‡¹,EUR
jamaica-kingston,Jamaica,Kingston,Americas,JM,ğŸ‡¯ğŸ‡²,JMD
japan-tokyo,Japan,Tokyo,Asia,JP,ğŸ‡¯ğŸ‡µ,JPY
jersey-saint-helier,Jersey,Saint Helier,Europe,JE,ğŸ‡¯ğŸ‡ª,GBP
jordan-amman,Jordan,Amman,Asia,JO,ğŸ‡¯ğŸ‡´,JOD
kazakhstan-astana,Kazakhstan,Astana,Asia,KZ,ğŸ‡°ğŸ‡¿,KZT
kenya-nairobi,Kenya,Nairobi,Africa,KE,ğŸ‡°ğŸ‡ª,KES
kiribati-south-tarawa,Kiribati,South Tarawa,Oceania,KI,ğŸ‡°ğŸ‡®,AUD
kuwait-kuwait-city,Kuwait,Kuwait City,Asia,KW,ğŸ‡°ğŸ‡¼,KWD
kyrgyzstan-bishkek,Kyrgyzstan,Bishkek,Asia,KG,ğŸ‡°ğŸ‡¬,KGS
lao-people-s-democratic-republic-vientiane,Lao People's Democratic Republic,Vientiane,Asia,LA,ğŸ‡±ğŸ‡¦,LAK
latvia-riga,Latvia,Riga,Europe,LV,ğŸ‡±ğŸ‡»,EUR
lebanon-beirut,Lebanon,Beirut,Asia,LB,ğŸ‡±ğŸ‡§,LBP
lesotho-maseru,Lesotho,Maseru,Africa,LS,ğŸ‡±ğŸ‡¸,LSL
liberia-monrovia,Liberia,Monrovia,Africa,LR,ğŸ‡±ğŸ‡·,LRD
libya-tripoli,Libya,Tripoli,Africa,LY,ğŸ‡±ğŸ‡¾,LYD
liechtenstein-vaduz,Liechtenstein,Vaduz,Europe,LI,ğŸ‡±ğŸ‡®,CHF
lithuania-vilnius,Lithuania,Vilnius,Europe,LT,ğŸ‡±ğŸ‡¹,EUR
luxembourg-luxembourg,Luxembourg,Luxembourg,Europe,LU,ğŸ‡±ğŸ‡º,EUR
madagascar-antananarivo,Madagascar,Antananarivo,Africa,MG,ğŸ‡²ğŸ‡¬,MGA
malawi-lilongwe,Malawi,Lilongwe,Africa,MW,ğŸ‡²ğŸ‡¼,MWK
malaysia-kuala-lumpur,Malaysia,Kuala Lumpur,Asia,MY,ğŸ‡²ğŸ‡¾,MYR
maldives-mal,Maldives,MalÃ©,Asia,MV,ğŸ‡²ğŸ‡»,MVR
mali-bamako,Mali,Bamako,Africa,ML,ğŸ‡²ğŸ‡±,XOF
malta-valletta,Malta,Valletta,Europe,MT,ğŸ‡²ğŸ‡¹,EUR
marshall-islands-majuro,Marshall Islands,Majuro,Oceania,MH,ğŸ‡²ğŸ‡­,USD
martinique-fort-de-france,Martinique,Fort-de-France,Americas,MQ,ğŸ‡²ğŸ‡¶,EUR
mauritania-nouakchott,Mauritania,Nouakchott,Africa,MR,ğŸ‡²ğŸ‡·,MRO
mauritius-port-louis,Mauritius,Port Louis,Africa,MU,ğŸ‡²ğŸ‡º,MUR
mayotte-mamoudzou,Mayotte,Mamoudzou,Africa,YT,ğŸ‡¾ğŸ‡¹,EUR
mexico-mexico-city,Mexico,Mexico City,Americas,MX,ğŸ‡²ğŸ‡½,MXN
monaco-monaco,Monaco,Monaco,Europe,MC,ğŸ‡²ğŸ‡¨,EUR
mongolia-ulan-bator,Mongolia,Ulan Bator,Asia,MN,ğŸ‡²ğŸ‡³,MNT
montserrat-plymouth,Montserrat,Plymouth,Americas,MS,ğŸ‡²ğŸ‡¸,XCD
morocco-rabat,Morocco,Rabat,Africa,MA,ğŸ‡²ğŸ‡¦,MAD
mozambique-maputo,Mozambique,Maputo,Africa,MZ,ğŸ‡²ğŸ‡¿,MZN
namibia-windhoek,Namibia,Windhoek,Africa,NA,ğŸ‡³ğŸ‡¦,NAD
nauru-yaren,Nauru,Yaren,Oceania,NR,ğŸ‡³ğŸ‡·,AUD
nepal-kathmandu,Nepal,Kathmandu,Asia,NP,ğŸ‡³ğŸ‡µ,NPR
netherlands-amsterdam,Netherlands,Amsterdam,Europe,NL,ğŸ‡³ğŸ‡±,EUR
new-caledonia-noum-a,New Caledonia,NoumÃ©a,Oceania,NC,ğŸ‡³ğŸ‡¨,XPF
new-zealand-wellington,New Zealand,Wellington,Oceania,NZ,ğŸ‡³ğŸ‡¿,NZD
nicaragua-managua,Nicaragua,Managua,Americas,NI,ğŸ‡³ğŸ‡®,NIO
niger-niamey,Niger,Niamey,Africa,NE,ğŸ‡³ğŸ‡ª,XOF
nigeria-abuja,Nigeria,Abuja,Africa,NG,ğŸ‡³ğŸ‡¬,NGN
niue-alofi,Niue,Alofi,Oceania,NU,ğŸ‡³ğŸ‡º,NZD
norfolk-island-kingston,Norfolk Island,Kingston,Oceania,NF,ğŸ‡³ğŸ‡«,AUD
northern-mariana-islands-saipan,Northern Mariana Islands,Saipan,Oceania,MP,ğŸ‡²ğŸ‡µ,USD
norway-oslo,Norway,Oslo,Europe,NO,ğŸ‡³ğŸ‡´,NOK
oman-muscat,Oman,Muscat,Asia,OM,ğŸ‡´ğŸ‡²,OMR
palau-ngerulmud,Palau,Ngerulmud,Oceania,PW,ğŸ‡µğŸ‡¼,USD
panama-panama-city,Panama,Panama City,Americas,PA,ğŸ‡µğŸ‡¦,PAB
papua-new-guinea-port-moresby,Papua New Guinea,Port Moresby,Oceania,PG,ğŸ‡µğŸ‡¬,PGK
paraguay-asunci-n,Paraguay,AsunciÃ³n,Americas,PY,ğŸ‡µğŸ‡¾,PYG
peru-lima,Peru,Lima,Americas,PE,ğŸ‡µğŸ‡ª,PEN
philippines-manila,Philippines,Manila,Asia,PH,ğŸ‡µğŸ‡­,PHP
portugal-lisbon,Portugal,Lisbon,Europe,PT,ğŸ‡µğŸ‡¹,EUR
puerto-rico-san-juan,Puerto Rico,San Juan,Americas,PR,ğŸ‡µğŸ‡·,USD
qatar-doha,Qatar,Doha,Asia,QA,ğŸ‡¶ğŸ‡¦,QAR
romania-bucharest,Romania,Bucharest,Europe,RO,ğŸ‡·ğŸ‡´,RON
rwanda-kigali,Rwanda,Kigali,Africa,RW,ğŸ‡·ğŸ‡¼,RWF
r-union-saint-denis,RÃ©union,Saint-Denis,Africa,RE,ğŸ‡·ğŸ‡ª,EUR
saint-kitts-and-nevis-basseterre,Saint Kitts and Nevis,Basseterre,Americas,KN,ğŸ‡°ğŸ‡³,XCD
saint-lucia-castries,Saint Lucia,Castries,Americas,LC,ğŸ‡±ğŸ‡¨,XCD
saint-pierre-and-miquelon-saint-pierre,Saint Pierre and Miquelon,Saint-Pierre,Americas,PM,ğŸ‡µğŸ‡²,EUR
saint-vincent-and-the-grenadines-kingstown,Saint Vincent and the Grenadines,Kingstown,Americas,VC,ğŸ‡»ğŸ‡¨,XCD
samoa-apia,Samoa,Apia,Oceania,WS,ğŸ‡¼ğŸ‡¸,WST
san-marino-city-of-san-marino,San Marino,City of San Marino,Europe,SM,ğŸ‡¸ğŸ‡²,EUR
saudi-arabia-riyadh,Saudi Arabia,Riyadh,Asia,SA,ğŸ‡¸ğŸ‡¦,SAR
senegal-dakar,Senegal,Dakar,Africa,SN,ğŸ‡¸ğŸ‡³,XOF
serbia-belgrade,Serbia,Belgrade,Europe,RS,ğŸ‡·ğŸ‡¸,RSD
seychelles-victoria,Seychelles,Victoria,Africa,SC,ğŸ‡¸ğŸ‡¨,SCR
sierra-leone-freetown,Sierra Leone,Freetown,Africa,SL,ğŸ‡¸ğŸ‡±,SLL
singapore-singapore,Singapore,Singapore,Asia,SG,ğŸ‡¸ğŸ‡¬,SGD
slovakia-bratislava,Slovakia,Bratislava,Europe,SK,ğŸ‡¸ğŸ‡°,EUR
slovenia-ljubljana,Slovenia,Ljubljana,Europe,SI,ğŸ‡¸ğŸ‡®,EUR
solomon-islands-honiara,Solomon Islands,Honiara,Oceania,SB,ğŸ‡¸ğŸ‡§,SBD
somalia-mogadishu,Somalia,Mogadishu,Africa,SO,ğŸ‡¸ğŸ‡´,SOS
south-africa-pretoria,South Africa,Pretoria,Africa,ZA,ğŸ‡¿ğŸ‡¦,ZAR
south-sudan-juba,South Sudan,Juba,Africa,SS,ğŸ‡¸ğŸ‡¸,SSP
spain-madrid,Spain,Madrid,Europe,ES,ğŸ‡ªğŸ‡¸,EUR
sri-lanka-colombo,Sri Lanka,Colombo,Asia,LK,ğŸ‡±ğŸ‡°,LKR
sudan-khartoum,Sudan,Khartoum,Africa,SD,ğŸ‡¸ğŸ‡©,SDG
suriname-paramaribo,Suriname,Paramaribo,Americas,SR,ğŸ‡¸ğŸ‡·,SRD
svalbard-and-jan-mayen-longyearbyen,Svalbard and Jan Mayen,Longyearbyen,Europe,SJ,ğŸ‡¸ğŸ‡¯,NOK
sweden-stockholm,Sweden,Stockholm,Europe,SE,ğŸ‡¸ğŸ‡ª,SEK
switzerland-bern,Switzerland,Bern,Europe,CH,ğŸ‡¨ğŸ‡­,CHE
syrian-arab-republic-damascus,Syrian Arab Republic,Damascus,Asia,SY,ğŸ‡¸ğŸ‡¾,SYP
tajikistan-dushanbe,Tajikistan,Dushanbe,Asia,TJ,ğŸ‡¹ğŸ‡¯,TJS
thailand-bangkok,Thailand,Bangkok,Asia,TH,ğŸ‡¹ğŸ‡­,THB
togo-lom,Togo,LomÃ©,Africa,TG,ğŸ‡¹ğŸ‡¬,XOF
tokelau-fakaofo,Tokelau,Fakaofo,Oceania,TK,ğŸ‡¹ğŸ‡°,NZD
tonga-nuku-alofa,Tonga,Nuku'alofa,Oceania,TO,ğŸ‡¹ğŸ‡´,TOP
trinidad-and-tobago-port-of-spain,Trinidad and Tobago,Port of Spain,Americas,TT,ğŸ‡¹ğŸ‡¹,TTD
tunisia-tunis,Tunisia,Tunis,Africa,TN,ğŸ‡¹ğŸ‡³,TND
turkey-ankara,Turkey,Ankara,Asia,TR,ğŸ‡¹ğŸ‡·,TRY
turkmenistan-ashgabat,Turkmenistan,Ashgabat,Asia,TM,ğŸ‡¹ğŸ‡²,TMT
tuvalu-funafuti,Tuvalu,Funafuti,Oceania,TV,ğŸ‡¹ğŸ‡»,AUD
uganda-kampala,Uganda,Kampala,Africa,UG,ğŸ‡ºğŸ‡¬,UGX
united-arab-emirates-abu-dhabi,United Arab Emirates,Abu Dhabi,Asia,AE,ğŸ‡¦ğŸ‡ª,AED
united-kingdom-london,United Kingdom,London,Europe,GB,ğŸ‡¬ğŸ‡§,GBP
united-states-washington-d-c,United States,Washington D.C.,Americas,US,ğŸ‡ºğŸ‡¸,USD
uruguay-montevideo,Uruguay,Montevideo,Americas,UY,ğŸ‡ºğŸ‡¾,UYI
uzbekistan-tashkent,Uzbekistan,Tashkent,Asia,UZ,ğŸ‡ºğŸ‡¿,UZS
vanuatu-port-vila,Vanuatu,Port Vila,Oceania,VU,ğŸ‡»ğŸ‡º,VUV
wallis-and-futuna-mata-utu,Wallis and Futuna,Mata-Utu,Oceania,WF,ğŸ‡¼ğŸ‡«,XPF
western-sahara-el-aai-n,Western Sahara,El AaiÃºn,Africa,EH,ğŸ‡ªğŸ‡­,MAD
yemen-sana-a,Yemen,Sana'a,Asia,YE,ğŸ‡¾ğŸ‡ª,YER
zambia-lusaka,Zambia,Lusaka,Africa,ZM,ğŸ‡¿ğŸ‡²,ZMK
zimbabwe-harare,Zimbabwe,Harare,Africa,ZW,ğŸ‡¿ğŸ‡¼,USD
